use RPG;

/*Staty Istot*/
/*Staty Postaci*/
INSERT INTO STATYSTYKI (poziom, si³a, zrêcznoœæ, szczêœcie) 
     VALUES(51,31,46,31);
 
INSERT INTO STATYSTYKI (poziom, si³a, zrêcznoœæ, szczêœcie) 
     VALUES(47,16,5,74);
 
INSERT INTO STATYSTYKI (poziom, si³a, zrêcznoœæ, szczêœcie) 
     VALUES(76,27,29,9);
 
INSERT INTO STATYSTYKI (poziom, si³a, zrêcznoœæ, szczêœcie) 
     VALUES(5,61,95,50);
 
INSERT INTO STATYSTYKI (poziom, si³a, zrêcznoœæ, szczêœcie) 
     VALUES(93,28,96,59);
 
INSERT INTO STATYSTYKI (poziom, si³a, zrêcznoœæ, szczêœcie) 
     VALUES(42,35,79,26);
 
INSERT INTO STATYSTYKI (poziom, si³a, zrêcznoœæ, szczêœcie) 
     VALUES(92,52,2,81);
 
INSERT INTO STATYSTYKI (poziom, si³a, zrêcznoœæ, szczêœcie) 
     VALUES(82,59,78,63);
 
INSERT INTO STATYSTYKI (poziom, si³a, zrêcznoœæ, szczêœcie) 
     VALUES(80,81,57,31);
 
INSERT INTO STATYSTYKI (poziom, si³a, zrêcznoœæ, szczêœcie) 
     VALUES(53,66,81,66);
 
/*Staty NPC*/
INSERT INTO STATYSTYKI (poziom, si³a, zrêcznoœæ, szczêœcie) 
     VALUES(20,15,20,46);
 
INSERT INTO STATYSTYKI (poziom, si³a, zrêcznoœæ, szczêœcie) 
     VALUES(100,72,7,46);
 
INSERT INTO STATYSTYKI (poziom, si³a, zrêcznoœæ, szczêœcie) 
     VALUES(40,57,29,59);
 
INSERT INTO STATYSTYKI (poziom, si³a, zrêcznoœæ, szczêœcie) 
     VALUES(93,84,51,42);
 
INSERT INTO STATYSTYKI (poziom, si³a, zrêcznoœæ, szczêœcie) 
     VALUES(41,92,24,88);
 
INSERT INTO STATYSTYKI (poziom, si³a, zrêcznoœæ, szczêœcie) 
     VALUES(56,81,87,73);
 
INSERT INTO STATYSTYKI (poziom, si³a, zrêcznoœæ, szczêœcie) 
     VALUES(94,42,2,85);
 
INSERT INTO STATYSTYKI (poziom, si³a, zrêcznoœæ, szczêœcie) 
     VALUES(19,92,60,80);
 
INSERT INTO STATYSTYKI (poziom, si³a, zrêcznoœæ, szczêœcie) 
     VALUES(99,54,23,69);
 
INSERT INTO STATYSTYKI (poziom, si³a, zrêcznoœæ, szczêœcie) 
     VALUES(15,30,22,24);
 
/*Staty Przeciwników*/
INSERT INTO STATYSTYKI (poziom, si³a, zrêcznoœæ, szczêœcie) 
     VALUES(25,80,88,55);
 
INSERT INTO STATYSTYKI (poziom, si³a, zrêcznoœæ, szczêœcie) 
     VALUES(69,84,54,26);
 
INSERT INTO STATYSTYKI (poziom, si³a, zrêcznoœæ, szczêœcie) 
     VALUES(69,35,53,10);
 
INSERT INTO STATYSTYKI (poziom, si³a, zrêcznoœæ, szczêœcie) 
     VALUES(81,43,73,50);
 
INSERT INTO STATYSTYKI (poziom, si³a, zrêcznoœæ, szczêœcie) 
     VALUES(99,72,63,91);
 
INSERT INTO STATYSTYKI (poziom, si³a, zrêcznoœæ, szczêœcie) 
     VALUES(61,63,45,4);
 
INSERT INTO STATYSTYKI (poziom, si³a, zrêcznoœæ, szczêœcie) 
     VALUES(40,3,84,96);
 
INSERT INTO STATYSTYKI (poziom, si³a, zrêcznoœæ, szczêœcie) 
     VALUES(19,25,82,59);
 
INSERT INTO STATYSTYKI (poziom, si³a, zrêcznoœæ, szczêœcie) 
     VALUES(70,24,92,26);
 
INSERT INTO STATYSTYKI (poziom, si³a, zrêcznoœæ, szczêœcie) 
     VALUES(1,23,8,10);
 
/*Staty Przedmiotow*/
INSERT INTO STATYSTYKI (poziom, si³a, zrêcznoœæ, szczêœcie) 
     VALUES(41,98,46,29);
 
INSERT INTO STATYSTYKI (poziom, si³a, zrêcznoœæ, szczêœcie) 
     VALUES(72,78,48,69);
 
INSERT INTO STATYSTYKI (poziom, si³a, zrêcznoœæ, szczêœcie) 
     VALUES(58,14,85,94);
 
INSERT INTO STATYSTYKI (poziom, si³a, zrêcznoœæ, szczêœcie) 
     VALUES(59,61,91,64);
 
INSERT INTO STATYSTYKI (poziom, si³a, zrêcznoœæ, szczêœcie) 
     VALUES(49,96,47,16);
 
INSERT INTO STATYSTYKI (poziom, si³a, zrêcznoœæ, szczêœcie) 
     VALUES(67,99,94,70);
 
INSERT INTO STATYSTYKI (poziom, si³a, zrêcznoœæ, szczêœcie) 
     VALUES(53,10,28,30);
 
INSERT INTO STATYSTYKI (poziom, si³a, zrêcznoœæ, szczêœcie) 
     VALUES(83,82,7,83);
 
INSERT INTO STATYSTYKI (poziom, si³a, zrêcznoœæ, szczêœcie) 
     VALUES(73,91,54,90);
 
INSERT INTO STATYSTYKI (poziom, si³a, zrêcznoœæ, szczêœcie) 
     VALUES(54,94,33,51);
 
/*PRZEDMIOTY*/
 
INSERT INTO PRZEDMIOTY (nazwa, wartoœæ, staty)
	VALUES ('Puddin', 9696, 31);
	
INSERT INTO PRZEDMIOTY (nazwa, wartoœæ, staty)
	VALUES ('Darlin', 6969, 32);
	
INSERT INTO PRZEDMIOTY (nazwa, wartoœæ, staty)
	VALUES ('Shield of destruction', 300, 33);
	
INSERT INTO PRZEDMIOTY (nazwa, wartoœæ, staty)
	VALUES ('B¹belek', 1900, 34);
 
INSERT INTO PRZEDMIOTY (nazwa, wartoœæ, staty)
	VALUES ('Krowi morderca', 2500, 35);
	
INSERT INTO PRZEDMIOTY (nazwa, wartoœæ, staty)
	VALUES ('Mieczyk nooba', 150, 36); 

INSERT INTO PRZEDMIOTY (nazwa, wartoœæ, staty)
	VALUES ('K.W. Miecz', 1100, 37);
 
INSERT INTO PRZEDMIOTY (nazwa, wartoœæ, staty)
	VALUES ('Wielki ³uk zniszczenia', 2850, 38);
 
INSERT INTO PRZEDMIOTY (nazwa, wartoœæ, staty)
	VALUES ('Pierœcieñ "Witaj œwiecie"', 50, 39);
 
INSERT INTO PRZEDMIOTY (nazwa, wartoœæ, staty)
	VALUES ('Moc trójcy', 2250, 40);
 
/*ISTOTY*/
/*Postaci*/
 
INSERT INTO ISTOTA (nazwa, cytat, historia, p³eæ, wiek, staty)
	VALUES ('Anonimowy Alkoholik', 'Inteligentni ludzie s¹ czêsto zmuszani do picia by bezkonfliktowo spêdzaæ czas z idiotami', 'Czeœæ, mam 32 lata i ju¿ od 11 minut nie pijê. Pomó¿cie.',
	'M', 32, 1);
 
INSERT INTO ISTOTA (nazwa, cytat, historia, p³eæ, wiek, staty)
	VALUES ('¯yjê cicho krwawi¹c', 'Umieranie jest straszne tylko wtedy, kiedy trwa d³ugo i jest tak bolesne, ¿e upokarza cz³owieka.', 'Jestem EMO.',
	'K', 17, 2);
 
INSERT INTO ISTOTA (nazwa, cytat, historia, p³eæ, wiek, staty)
	VALUES ('Korwin', 'Bo nie o to chodzi by zmieniaæ œwiniê przy korycie, tylko koryto im zabraæ.', 'Janusz Korwin Mikke for live <3',
	'M', 211, 3);
 
INSERT INTO ISTOTA (nazwa, cytat, historia, p³eæ, wiek, staty)
	VALUES ('Pan Tadeusz', 'Myœl wielka zwykle usta do milczenia zmusza.', 'To by³a dobra ksiêga zaklêæ.',
	'M', 45, 4);
 
INSERT INTO ISTOTA (nazwa, cytat, historia, p³eæ, wiek, staty)
	VALUES ('Joker', 'Jestem psem goni¹cym samochody. Nie wiedzia³bym, co robiæ dalej, gdybym jednego z³apa³. Po prostu... robiê rzeczy.', 'We are all mad here',
	'M', 111, 5);
 
INSERT INTO ISTOTA (nazwa, cytat, historia, p³eæ, wiek, staty)
	VALUES ('Harley', 'Kocham Twoje perfumy. Co to za zapach? Œmierci?', 'We are all mad here',
	'K', 69, 6);
 
INSERT INTO ISTOTA (nazwa, cytat, historia, p³eæ, wiek, staty)
	VALUES ('StupidMan', 'Myœlê wiêc jestem.', 'W swoim ¿yciu znikn¹³em ju¿ wiele razy.',
	'M', 23, 7);
 
INSERT INTO ISTOTA (nazwa, cytat, historia, p³eæ, wiek, staty)
	VALUES ('SpiderMan', 'Paj¹ki s¹ spoko.', 'Kiedyœ ugryz³ mnie paj¹k.',
	'M', 25, 8);
 
INSERT INTO ISTOTA (nazwa, cytat, historia, p³eæ, wiek, staty)
	VALUES ('Batman', 'Nietoperze s¹ spoko.', 'Moi rodzice zostali zabici na moich oczach.',
	'M', 30, 9);
 
INSERT INTO ISTOTA (nazwa, cytat, historia, p³eæ, wiek, staty)
	VALUES ('WonderWoman', 'Ja latam.', 'Uwielbiam biæ przeciwników.',
	'K', 21, 10);
 
/*NPC*/
 
INSERT INTO ISTOTA (nazwa, cytat, historia, p³eæ, wiek, staty)
	VALUES ('Alaglossa Aexidor', 'Elfy to najbardziej inteligentna rasa.', 'Zabi³am wielu ludzi.',
	'K', 274, 11);
 
INSERT INTO ISTOTA (nazwa, cytat, historia, p³eæ, wiek, staty)
	VALUES ('Malon Wranwenys', 'Elfy to najbardziej inteligentna rasa.', 'Przyby³am, zabi³am, wypi³am.',
	'K', 311, 12);
 
INSERT INTO ISTOTA (nazwa, cytat, historia, p³eæ, wiek, staty)
	VALUES ('Fayeth Ololee', 'Elfy to najbardziej inteligentna rasa.', 'Zabijanie ludzi. To mój cel.',
	'K', 244, 13);
 
INSERT INTO ISTOTA (nazwa, cytat, historia, p³eæ, wiek, staty)
	VALUES ('Flinar Liastina', 'Elfy to najbardziej inteligentna rasa.', 'Moi rodzice byli ³owcami smoków.',
	'M', 360, 14);
 
INSERT INTO ISTOTA (nazwa, cytat, historia, p³eæ, wiek, staty)
	VALUES ('Valus Marblechest', 'Elfy to idioci.', 'Mieszkam w jaskini.',
	'M', 385, 15);
 
INSERT INTO ISTOTA (nazwa, cytat, historia, p³eæ, wiek, staty)
	VALUES ('Ageric Grubb', 'Lubiê pierœcienie', 'Kiedyœ wrzuci³em jeden do wulkanu.',
	'M', 111, 16);
 
INSERT INTO ISTOTA (nazwa, cytat, historia, p³eæ, wiek, staty)
	VALUES ('Uldryr, The Black', 'Czarna potêga.', 'I got an arrow to the knee.',
	'M', 256, 17);
 
INSERT INTO ISTOTA (nazwa, cytat, historia, p³eæ, wiek, staty)
	VALUES ('Ceriss, The Magnificent', 'Jestem wspania³y.', 'Chcecie zobaczyæ magiczn¹ sztuczkê?',
	'M', 277, 18);
 
INSERT INTO ISTOTA (nazwa, cytat, historia, p³eæ, wiek, staty)
	VALUES ('Voilrei, Bringer Of Death', 'Œmieræ jest moim przyjacielem.', 'Zginiesz.',
	'M', 360, 19);
 
INSERT INTO ISTOTA (nazwa, cytat, historia, p³eæ, wiek, staty)
	VALUES ('Crovud', 'Zabijanie elfów - to dopiero jest zabawa!', 'Moje KDA wynosi 463.',
	'M', 385, 20);
 
/*Przeciwnicy*/
 
INSERT INTO ISTOTA (nazwa, cytat, historia, p³eæ, wiek, staty)
	VALUES ('Wilk', 'WRRRRRRR', 'WRRRRRRRRRRRRRRRRRRRRRRRRRRRRR',
	'M', 11, 21);
 
INSERT INTO ISTOTA (nazwa, cytat, historia, p³eæ, wiek, staty)
	VALUES ('NiedŸwiedŸ', 'ARRRRRRRRR', 'RRRRRRRRRRRRRRRRRR',
	'M', 17, 22);
 
INSERT INTO ISTOTA (nazwa, cytat, historia, p³eæ, wiek, staty)
	VALUES ('Pirat', 'Ho, ho, ho and the bottle of rum.', 'Jack Sparrow by³ moim nauczycielem.',
	'M', 54, 23);
 
INSERT INTO ISTOTA (nazwa, cytat, historia, p³eæ, wiek, staty)
	VALUES ('Bandyta', 'Oddawaj pieni¹dze.', 'Ca³e ¿ycie krad³em. Najpierw by³em politykiem.',
	'M', 44, 24);
 
INSERT INTO ISTOTA (nazwa, cytat, historia, p³eæ, wiek, staty)
	VALUES ('Slime', 'HHHHHHHHHHHHH', 'HHHHHHHHHHHHHHHHHHHHH',
	'M', 385, 25);
 
INSERT INTO ISTOTA (nazwa, cytat, historia, p³eæ, wiek, staty)
	VALUES ('Troll', 'BUUUUUUUUUUUUUUUUUUM', '£UBUDU I TRACH.',
	'M', 111, 26);
 
INSERT INTO ISTOTA (nazwa, cytat, historia, p³eæ, wiek, staty)
	VALUES ('Ork', 'Moja potêga.', 'Zabiæ.',
	'M', 256, 27);
 
INSERT INTO ISTOTA (nazwa, cytat, historia, p³eæ, wiek, staty)
	VALUES ('W¹¿', 'SSSSSSSSSSSSSSSSSSS.', 'SSSSSSSSSSSSSSSSSSSSSSSSSSSSSSSSSS',
	'M', 8, 28);
 
INSERT INTO ISTOTA (nazwa, cytat, historia, p³eæ, wiek, staty)
	VALUES ('Pszczo³a', 'BZZZZZZZZZZZZZZZZZZZZ', 'BZZZZZZZZZZZZZZZZZZZZZZZZZZZZ',
	'K', 1, 29);
 
INSERT INTO ISTOTA (nazwa, cytat, historia, p³eæ, wiek, staty)
	VALUES ('Nizio³ek', 'Zabijanie elfów - to dopiero jest zabawa!', 'Nie lubimy elfów.',
	'M', 144, 30);
	
/*Przedmioty istoty*/
INSERT INTO PRZEDMIOTY_ISTOTY (przedmiot, istota)
	VALUES (1, 1);
	
INSERT INTO PRZEDMIOTY_ISTOTY (przedmiot, istota)
	VALUES (1, 2);
	
INSERT INTO PRZEDMIOTY_ISTOTY (przedmiot, istota)
	VALUES (1, 3);
	
INSERT INTO PRZEDMIOTY_ISTOTY (przedmiot, istota)
	VALUES (2, 21);
	
INSERT INTO PRZEDMIOTY_ISTOTY (przedmiot, istota)
	VALUES (3, 11);
	
INSERT INTO PRZEDMIOTY_ISTOTY (przedmiot, istota)
	VALUES (4, 15);
	
INSERT INTO PRZEDMIOTY_ISTOTY (przedmiot, istota)
	VALUES (5, 1);
	
INSERT INTO PRZEDMIOTY_ISTOTY (przedmiot, istota)
	VALUES (5, 7);
	
INSERT INTO PRZEDMIOTY_ISTOTY (przedmiot, istota)
	VALUES (6, 7);
	
INSERT INTO PRZEDMIOTY_ISTOTY (przedmiot, istota)
	VALUES (7, 17);
	
INSERT INTO PRZEDMIOTY_ISTOTY (przedmiot, istota)
	VALUES (8, 13);
	
INSERT INTO PRZEDMIOTY_ISTOTY (przedmiot, istota)
	VALUES (9, 30);
	
INSERT INTO PRZEDMIOTY_ISTOTY (przedmiot, istota)
	VALUES (10, 14);
	
/*Umiejêtnoœci*/

INSERT INTO UMIEJÊTNOŒCI(nazwa, poziom, obra¿enia)
	VALUES('Kula ognia', 3, 10);
	
INSERT INTO UMIEJÊTNOŒCI(nazwa, poziom, obra¿enia)
	VALUES('Kula mrozu', 3, 10);
	
INSERT INTO UMIEJÊTNOŒCI(nazwa, poziom, obra¿enia)
	VALUES('Kula elektrycznoœci', 3, 10);
	
INSERT INTO UMIEJÊTNOŒCI(nazwa, poziom, obra¿enia)
	VALUES('B³yskawica', 10, 87);
	
INSERT INTO UMIEJÊTNOŒCI(nazwa, poziom, obra¿enia)
	VALUES('Burza ognia', 12, 94);
	
INSERT INTO UMIEJÊTNOŒCI(nazwa, poziom, obra¿enia)
	VALUES('Tarcza lodu', 12, 150);
	
INSERT INTO UMIEJÊTNOŒCI(nazwa, poziom, obra¿enia)
	VALUES('Zamieæ', 15, 130);
	
INSERT INTO UMIEJÊTNOŒCI(nazwa, poziom, obra¿enia)
	VALUES('Sen', 10, 0);
	
INSERT INTO UMIEJÊTNOŒCI(nazwa, poziom, obra¿enia)
	VALUES('Ogniste bicze', 18, 200);
	
INSERT INTO UMIEJÊTNOŒCI(nazwa, poziom, obra¿enia)
	VALUES('Pocisk magiczny', 20, 250);
	
/*Lokalizacje*/
	
INSERT INTO LOKALIZACJA(nazwa, klimat, d³ugoœæ, szerokoœæ)
	VALUES('Zimowa Twierdza', 'Z', 11, 20);
		
INSERT INTO LOKALIZACJA(nazwa, klimat, d³ugoœæ, szerokoœæ)
	VALUES('Stolica ludzi', 'Z', 11, 20);
		
INSERT INTO LOKALIZACJA(nazwa, klimat, d³ugoœæ, szerokoœæ)
	VALUES('Pingwinki', 'Z', 11, 20);
		
INSERT INTO LOKALIZACJA(nazwa, klimat, d³ugoœæ, szerokoœæ)
	VALUES('Pustynna twierdza', 'P', 52, 61);
		
INSERT INTO LOKALIZACJA(nazwa, klimat, d³ugoœæ, szerokoœæ)
	VALUES('Stolica œwiata', 'P', 50, 50);
		
INSERT INTO LOKALIZACJA(nazwa, klimat, d³ugoœæ, szerokoœæ)
	VALUES('Gnollownia', 'P', 42, 68);
		
INSERT INTO LOKALIZACJA(nazwa, klimat, d³ugoœæ, szerokoœæ)
	VALUES('Elfia stolica', 'U', 88, 94);
		
INSERT INTO LOKALIZACJA(nazwa, klimat, d³ugoœæ, szerokoœæ)
	VALUES('Krasnoludzka stolica', 'U', 79, 99);
		
INSERT INTO LOKALIZACJA(nazwa, klimat, d³ugoœæ, szerokoœæ)
	VALUES('Kraniec œwiata', 'U', 100, 100);
		
INSERT INTO LOKALIZACJA(nazwa, klimat, d³ugoœæ, szerokoœæ)
	VALUES('Orkownia', 'U', 97, 71);
	
/*Postaci*/
INSERT INTO POSTACI([login], istota)
	VALUES('Joker', 1);
	
INSERT INTO POSTACI([login], istota)
	VALUES('Harley', 2);
	
INSERT INTO POSTACI([login], istota)
	VALUES('User', 3);
	
INSERT INTO POSTACI([login], istota)
	VALUES('Papa', 4);
	
INSERT INTO POSTACI([login], istota)
	VALUES('Orcan', 5);
	
INSERT INTO POSTACI([login], istota)
	VALUES('Snooking', 6);
	
INSERT INTO POSTACI([login], istota)
	VALUES('Eragorn', 7);
	
INSERT INTO POSTACI([login], istota)
	VALUES('Truster', 8);
	
INSERT INTO POSTACI([login], istota)
	VALUES('Blackweather', 9);
	
INSERT INTO POSTACI([login], istota)
	VALUES('xThauron', 10);
	
/*NPC*/
INSERT INTO NPC(istota, nazwaUmiejetnosci, nazwaLokalizacji)
	VALUES(11, 'Kula ognia', 'Stolica ludzi');
	
INSERT INTO NPC(istota, nazwaUmiejetnosci, nazwaLokalizacji)
	VALUES(12, NULL, 'Stolica ludzi');
	
INSERT INTO NPC(istota, nazwaUmiejetnosci, nazwaLokalizacji)
	VALUES(13, 'Tarcza lodu', 'Orkownia');
	
INSERT INTO NPC(istota, nazwaUmiejetnosci, nazwaLokalizacji)
	VALUES(14, 'Kula mrozu', 'Pingwinki');
	
INSERT INTO NPC(istota, nazwaUmiejetnosci, nazwaLokalizacji)
	VALUES(15, NULL, 'Elfia stolica');
	
INSERT INTO NPC(istota, nazwaUmiejetnosci, nazwaLokalizacji)
	VALUES(16, NULL, 'Krasnoludzka stolica');
	
INSERT INTO NPC(istota, nazwaUmiejetnosci, nazwaLokalizacji)
	VALUES(17, 'Kula ognia', 'Krasnoludzka stolica');
	
INSERT INTO NPC(istota, nazwaUmiejetnosci, nazwaLokalizacji)
	VALUES(18, 'Burza ognia', 'Pustynna twierdza');
	
INSERT INTO NPC(istota, nazwaUmiejetnosci, nazwaLokalizacji)
	VALUES(19, 'Sen', 'Gnollownia');
	
INSERT INTO NPC(istota, nazwaUmiejetnosci, nazwaLokalizacji)
	VALUES(20, 'Pocisk magiczny', 'Gnollownia');
	
/*Przeciwnicy*/
INSERT INTO PRZECIWNICY(istota, nazwaLokalizacji)
	VALUES(21, 'Gnollownia');
	
INSERT INTO PRZECIWNICY(istota, nazwaLokalizacji)
	VALUES(22, 'Gnollownia');
	
INSERT INTO PRZECIWNICY(istota, nazwaLokalizacji)
	VALUES(23, 'Kraniec œwiata');
	
INSERT INTO PRZECIWNICY(istota, nazwaLokalizacji)
	VALUES(24, 'Kraniec œwiata');
	
INSERT INTO PRZECIWNICY(istota, nazwaLokalizacji)
	VALUES(25, 'Kraniec œwiata');
	
INSERT INTO PRZECIWNICY(istota, nazwaLokalizacji)
	VALUES(26, 'Zimowa Twierdza');
	
INSERT INTO PRZECIWNICY(istota, nazwaLokalizacji)
	VALUES(27, 'Zimowa Twierdza');
	
INSERT INTO PRZECIWNICY(istota, nazwaLokalizacji)
	VALUES(28, 'Stolica œwiata');
	
INSERT INTO PRZECIWNICY(istota, nazwaLokalizacji)
	VALUES(29, 'Stolica œwiata');
	
INSERT INTO PRZECIWNICY(istota, nazwaLokalizacji)
	VALUES(30, 'Stolica œwiata');

/*Umiejetnosci postaci*/
INSERT INTO UMIEJÊTNOŒCI_POSTACI(postaæ, umiejêtnoœæ)
	VALUES(1, 'Kula ognia');

INSERT INTO UMIEJÊTNOŒCI_POSTACI(postaæ, umiejêtnoœæ)
	VALUES(3, 'Kula ognia');

INSERT INTO UMIEJÊTNOŒCI_POSTACI(postaæ, umiejêtnoœæ)
	VALUES(8, 'Kula ognia');

INSERT INTO UMIEJÊTNOŒCI_POSTACI(postaæ, umiejêtnoœæ)
	VALUES(1, 'Kula mrozu');

INSERT INTO UMIEJÊTNOŒCI_POSTACI(postaæ, umiejêtnoœæ)
	VALUES(1, 'Pocisk magiczny');

INSERT INTO UMIEJÊTNOŒCI_POSTACI(postaæ, umiejêtnoœæ)
	VALUES(2, 'Tarcza lodu');

INSERT INTO UMIEJÊTNOŒCI_POSTACI(postaæ, umiejêtnoœæ)
	VALUES(5, 'Ogniste bicze');

INSERT INTO UMIEJÊTNOŒCI_POSTACI(postaæ, umiejêtnoœæ)
	VALUES(4, 'Kula ognia');

INSERT INTO UMIEJÊTNOŒCI_POSTACI(postaæ, umiejêtnoœæ)
	VALUES(10, 'Burza ognia');

INSERT INTO UMIEJÊTNOŒCI_POSTACI(postaæ, umiejêtnoœæ)
	VALUES(9, 'Sen');

/*Zadania*/
/*MISJE*/
INSERT INTO ZADANIA(nazwa, cel, npc)
	VALUES('Hello world','N', 1);
	
INSERT INTO ZADANIA(nazwa, cel, npc)
	VALUES('Witamy w koloni','N', 2);
	
INSERT INTO ZADANIA(nazwa, cel, npc)
	VALUES('Przebudziæ œni¹cego','L', 3);
	
INSERT INTO ZADANIA(nazwa, cel, npc)
	VALUES('Czas na podró¿','L', 3);
	
INSERT INTO ZADANIA(nazwa, cel, npc)
	VALUES('Stolica pustyni','L', 4);
	
INSERT INTO ZADANIA(nazwa, cel, npc)
	VALUES('Dobry przyjaciel','N', 7);
	
INSERT INTO ZADANIA(nazwa, cel, npc)
	VALUES('Przynieœ','N', 10);
	
INSERT INTO ZADANIA(nazwa, cel, npc)
	VALUES('Podaj','N', 10);
	
INSERT INTO ZADANIA(nazwa, cel, npc)
	VALUES('Pozamiataj','N', 10);
	
INSERT INTO ZADANIA(nazwa, cel, npc)
	VALUES('Poznaj','N', 10);

/*Zlecenia*/

INSERT INTO ZADANIA(nazwa, cel, npc)
	VALUES('O bogowie. Walka!','P', 1);
	
INSERT INTO ZADANIA(nazwa, cel, npc)
	VALUES('Wrzód','P', 6);
	
INSERT INTO ZADANIA(nazwa, cel, npc)
	VALUES('ZnajdŸ Neka','P', 6);
	
INSERT INTO ZADANIA(nazwa, cel, npc)
	VALUES('Zabij œni¹cego','P', 6);
	
INSERT INTO ZADANIA(nazwa, cel, npc)
	VALUES('Smoki nadchodz¹','P', 4);
	
INSERT INTO ZADANIA(nazwa, cel, npc)
	VALUES('Wilczy problem','P', 4);
	
INSERT INTO ZADANIA(nazwa, cel, npc)
	VALUES('RAWR','P', 4);
	
INSERT INTO ZADANIA(nazwa, cel, npc)
	VALUES('Second chance','P', 8);
	
INSERT INTO ZADANIA(nazwa, cel, npc)
	VALUES('Atak','P', 8);
	
INSERT INTO ZADANIA(nazwa, cel, npc)
	VALUES('Najgorsza wojna','P', 8);

/*Misje*/

INSERT INTO MISJE(zadanie, dodatkoweInformacje)
	VALUES('Hello world','Przywitaj siê ze œwiatem.');
	
INSERT INTO MISJE(zadanie, dodatkoweInformacje)
	VALUES('Witamy w koloni','Powitanie w koloni.');
	
INSERT INTO MISJE(zadanie, dodatkoweInformacje)
	VALUES('Przebudziæ œni¹cego','Udaj siê do œwi¹tyni i przebudŸ œni¹cego.');
	
INSERT INTO MISJE(zadanie, dodatkoweInformacje)
	VALUES('Czas na podró¿','Przenieœ siê na wschód.');
	
INSERT INTO MISJE(zadanie, dodatkoweInformacje)
	VALUES('Stolica pustyni','Przenieœ siê do stolicy pustyni.');
	
INSERT INTO MISJE(zadanie, dodatkoweInformacje)
	VALUES('Dobry przyjaciel','Chcia³bym, abyœ kogoœ pozna³.');
	
INSERT INTO MISJE(zadanie, dodatkoweInformacje)
	VALUES('Przynieœ','Wykorzystywanie.');
	
INSERT INTO MISJE(zadanie, dodatkoweInformacje)
	VALUES('Podaj','Wykorzystywanie.');
	
INSERT INTO MISJE(zadanie, dodatkoweInformacje)
	VALUES('Pozamiataj','Wykorzystywanie.');
	
INSERT INTO MISJE(zadanie, dodatkoweInformacje)
	VALUES('Poznaj','Wykorzystywanie.');

/*ZLECENIA*/

INSERT INTO ZLECENIA(zadanie, iloœæPrzeciwników)
	VALUES('O bogowie. Walka!', 1);
	
INSERT INTO ZLECENIA(zadanie, iloœæPrzeciwników)
	VALUES('Wrzód', 6);
	
INSERT INTO ZLECENIA(zadanie, iloœæPrzeciwników)
	VALUES('ZnajdŸ Neka', 6);
	
INSERT INTO ZLECENIA(zadanie, iloœæPrzeciwników)
	VALUES('Zabij œni¹cego', 6);
	
INSERT INTO ZLECENIA(zadanie, iloœæPrzeciwników)
	VALUES('Smoki nadchodz¹', 4);
	
INSERT INTO ZLECENIA(zadanie, iloœæPrzeciwników)
	VALUES('Wilczy problem', 4);
	
INSERT INTO ZLECENIA(zadanie, iloœæPrzeciwników)
	VALUES('RAWR', 4);
	
INSERT INTO ZLECENIA(zadanie, iloœæPrzeciwników)
	VALUES('Second chance', 8);
	
INSERT INTO ZLECENIA(zadanie, iloœæPrzeciwników)
	VALUES('Atak', 8);
	
INSERT INTO ZLECENIA(zadanie, iloœæPrzeciwników)
	VALUES('Najgorsza wojna', 8);

/*CEL ZLECENIA*/

INSERT INTO CEL_ZLECENIA(zlecenie, przeciwnik)
	VALUES('O bogowie. Walka!', 1);
	
INSERT INTO CEL_ZLECENIA(zlecenie, przeciwnik)
	VALUES('Wrzód', 6);
	
INSERT INTO CEL_ZLECENIA(zlecenie, przeciwnik)
	VALUES('ZnajdŸ Neka', 6);
	
INSERT INTO CEL_ZLECENIA(zlecenie, przeciwnik)
	VALUES('Zabij œni¹cego', 6);
	
INSERT INTO CEL_ZLECENIA(zlecenie, przeciwnik)
	VALUES('Smoki nadchodz¹', 4);
	
INSERT INTO CEL_ZLECENIA(zlecenie, przeciwnik)
	VALUES('Wilczy problem', 4);
	
INSERT INTO CEL_ZLECENIA(zlecenie, przeciwnik)
	VALUES('RAWR', 4);
	
INSERT INTO CEL_ZLECENIA(zlecenie, przeciwnik)
	VALUES('Second chance', 8);
	
INSERT INTO CEL_ZLECENIA(zlecenie, przeciwnik)
	VALUES('Atak', 8);
	
INSERT INTO CEL_ZLECENIA(zlecenie, przeciwnik)
	VALUES('Najgorsza wojna', 8);

/*MISJE POSTACI*/

INSERT INTO ZADANIA_POSTACI(zadanie, postaæ)
	VALUES('Dobry przyjaciel', 7);
	
INSERT INTO ZADANIA_POSTACI(zadanie, postaæ)
	VALUES('Przynieœ', 10);
	
INSERT INTO ZADANIA_POSTACI(zadanie, postaæ)
	VALUES('Podaj', 10);
	
INSERT INTO ZADANIA_POSTACI(zadanie, postaæ)
	VALUES('Pozamiataj', 10);
	
INSERT INTO ZADANIA_POSTACI(zadanie, postaæ)
	VALUES('Poznaj', 10);

INSERT INTO ZADANIA_POSTACI(zadanie, postaæ)
	VALUES('O bogowie. Walka!', 1);
	
INSERT INTO ZADANIA_POSTACI(zadanie, postaæ)
	VALUES('Wrzód', 6);
	
INSERT INTO ZADANIA_POSTACI(zadanie, postaæ)
	VALUES('ZnajdŸ Neka', 6);
	
INSERT INTO ZADANIA_POSTACI(zadanie, postaæ)
	VALUES('Zabij œni¹cego', 6);
	
INSERT INTO ZADANIA_POSTACI(zadanie, postaæ)
	VALUES('Smoki nadchodz¹', 4);

/*NAGRODA ZA ZADANIE*/

INSERT INTO NAGRODA_ZA_ZADANIE(zadanie, przedmiot)
	VALUES('Dobry przyjaciel', 7);
	
INSERT INTO NAGRODA_ZA_ZADANIE(zadanie, przedmiot)
	VALUES('Przynieœ', 10);
	
INSERT INTO NAGRODA_ZA_ZADANIE(zadanie, przedmiot)
	VALUES('Podaj', 10);
	
INSERT INTO NAGRODA_ZA_ZADANIE(zadanie, przedmiot)
	VALUES('Pozamiataj', 10);
	
INSERT INTO NAGRODA_ZA_ZADANIE(zadanie, przedmiot)
	VALUES('Poznaj', 10);

INSERT INTO NAGRODA_ZA_ZADANIE(zadanie, przedmiot)
	VALUES('O bogowie. Walka!', 1);
	
INSERT INTO NAGRODA_ZA_ZADANIE(zadanie, przedmiot)
	VALUES('Wrzód', 6);
	
INSERT INTO NAGRODA_ZA_ZADANIE(zadanie, przedmiot)
	VALUES('ZnajdŸ Neka', 6);
	
INSERT INTO NAGRODA_ZA_ZADANIE(zadanie, przedmiot)
	VALUES('Zabij œni¹cego', 6);
	
INSERT INTO NAGRODA_ZA_ZADANIE(zadanie, przedmiot)
	VALUES('Smoki nadchodz¹', 4);